Use Forensic_Investigation_Database;

INSERT INTO Department (dname, budget) VALUES
('Cyber Crime Unit', 450000), 
('Financial Investigations', 350000), 
('Crime Scene Unit', 400000),
('Tactical Operations', NULL), 
('Cold Case Unit', 250000), 
('Internal Affairs', 275000), 
('Community Relations', NULL), 
('Training Division', 225000), 
('Evidence Processing Center', 375000), 
('Forensic Accounting', 325000), 
('Surveillance Division', 360000); 

INSERT INTO Case_Record (open_date, close_date, investigation_TID) VALUES
(NULL, NULL, 1001), 
('2023-11-20', '2024-02-10', 1002), 
(NULL, NULL, 1003), 
('2024-01-10', '2024-04-05', 1004), 
('2024-03-15', NULL, 1005), 
('2024-04-28', '2024-08-15', 1006),  
(NULL, NULL, 1007), 
('2024-06-12', '2024-09-01', 1008), 
('2024-07-20', NULL, 1009), 
(NULL, NULL, 1010),  
('2024-08-10', NULL, 1011), 
('2024-08-15', '2024-12-20', 1012),  
(NULL, NULL, 1013),
('2024-09-03', '2025-01-15', 1014),  
('2024-10-10', NULL, 1015), 
(NULL, NULL, 1016), 
('2024-11-25', NULL, 1017),  
('2024-12-01', '2025-03-30', 1018), 
(NULL, NULL, 1019),  
('2025-01-15', '2025-05-20', 1020),
('2025-02-20', NULL, 1021), 
(NULL, NULL, 1022), 
('2025-03-01', '2025-06-10', 1023),
('2025-03-05', NULL, 1024),  
(NULL, NULL, 1025);


INSERT INTO Crime_type (crime_type, case_ID) VALUES
('assault', 5), ('assault', 9), ('assault', 11), ('assault', 15), ('assault', 21), ('assault', 2), ('assault', 4), ('burglary', 5), ('burglary', 11),   
('burglary', 17), ('burglary', 24), ('burglary', 6), ('burglary', 12), ('cybercrime', 5), ('cybercrime', 9),  ('cybercrime', 11), ('cybercrime', 15), 
('cybercrime', 17), ('cybercrime', 24), ('cybercrime', 2), ('cybercrime', 18), ('fraud', 9), ('fraud', 15), ('fraud', 21), ('fraud', 8), ('fraud', 14),   
('homicide', 17), ('homicide', 24), ('robbery', 11), ('robbery', 21), ('drug trafficking', 15), ('drug trafficking', 24),  ('homicide', 1),
('assault', 1), ('burglary', 2), ('fraud', 3), ('cybercrime', 4), ('drug trafficking', 5), ('robbery', 6), ('forgery', 7), ('kidnapping', 8),        
('arson', 9), ('theft', 10), ('vandalism', 11), ('extortion', 12), ('money laundering', 13), ('identity theft', 14), ('homicide', 15), 
('burglary', 16), ('fraud', 17), ('assault', 18), ('drug trafficking', 19), ('robbery', 20), ('forgery', 21), ('kidnapping', 22), ('arson', 23), 
('theft', 24), ('vandalism', 25); 


INSERT INTO Chain_Of_Custody (custody_timestamp, transfer_reason) VALUES
('09:30:00', 'sent to lab'), 
('11:15:00', 'stored'), 
('14:20:00', 'retrieved for court'),
('16:45:00', 'archived'), 
('10:00:00', 'destroyed'), 
('13:30:00', 'transferred to another department'), 
('08:45:00', 'sent to lab'), 
('15:20:00', 'stored'), 
('11:00:00', 'retrieved for court'), 
('09:15:00', 'archived'),
('14:00:00', 'destroyed'), 
('16:30:00', 'transferred to another department'),
('10:45:00', 'sent to lab'), 
('12:30:00', 'stored'), 
('15:45:00', 'retrieved for court'),
('10:00:00', 'sent to lab'),
('10:30:00', 'stored'),
('11:00:00', 'retrieved for court'),
('11:30:00', 'archived'),
('12:00:00', 'transferred to another department');

INSERT INTO Personnel (p_name, p_role, start_date, end_date, clearance_lvl, did) VALUES
('John Smith', 'Lead Detective', '2020-03-15', NULL, 1, 1),         
('Alex Morgan', 'Cyber Investigator', '2021-06-22', NULL, 2, 1),      
('Thomas King', 'Digital Forensics', '2022-01-10', NULL, 3, 1),    
('Robert Chen', 'Detective', '2019-11-05', NULL, 2, 2),              
('Ryan Cooper', 'Financial Analyst', '2020-08-30', NULL, 2, 2),     
('Liam Wilson', 'Forensic Accountant', '2021-02-14', NULL, 2, 2),   
('Sophia Lee', 'CSI', '2020-05-18', NULL, 2, 3),                      
('Sarah Johnson', 'Evidence Clerk', '2022-03-22', NULL, 3, 3),      
('Chloe Martinez', 'Evidence Processor', '2021-09-11', '2024-10-01', 3, 3), 
('Marcus Johnson', 'Tactical Commander', '2018-07-09', NULL, 1, 4),  
('Emily Davis', 'Detective', '2019-04-25', NULL, 2, 4),               
('Patricia Clark', 'Detective', '2020-12-01', NULL, 2, 4),            
('Olivia Chen', 'Cold Case Detective', '2017-11-20', NULL, 2, 5),     
('Brian Anderson', 'Detective', '2019-08-14', NULL, 2, 5),          
('Nicole Young', 'Detective', '2021-01-30', '2024-06-15', 2, 5),    
('Daniel Park', 'Investigator', '2018-03-12', NULL, 1, 6),  
('David Wilson', 'Administrator', '2016-09-05', NULL, 4, 6),          
('Lisa Martinez', 'Admin Assistant', '2022-07-18', NULL, 4, 6),      
('Isabella Rivera', 'Community Officer', '2020-10-22', NULL, 3, 7),   
('Samantha Baker', 'Detective', '2019-06-08', NULL, 2, 7),           
('James Taylor', 'Evidence Specialist', '2021-11-17', NULL, 3, 7),   
('Ethan Wright', 'Training Instructor', '2017-04-03', NULL, 2, 8),    
('Michael Brown', 'Lab Technician', '2020-02-28', NULL, 2, 8),        
('Jessica Green', 'Forensic Technician', '2022-09-14', NULL, 2, 8),  
('Maria Garcia', 'Forensic Analyst', '2015-12-01', NULL, 1, 9),    
('Jennifer Lee', 'Forensic Scientist', '2018-08-19', NULL, 1, 9),     
('Amanda White', 'Forensic Analyst', '2019-05-06', NULL, 2, 9),      
('Kevin Scott', 'Evidence Manager', '2020-07-23', NULL, 3, 10),      
('Christopher Hall', 'Lab Director', '2014-10-11', NULL, 1, 10),    
('Richard Adams', 'Admin Officer', '2021-12-05', NULL, 4, 10),       
('Mia Thompson', 'Surveillance Operat', '2020-03-30', NULL, 2, 11), 
('Michelle Hill', 'Evidence Clerk', '2022-08-12', NULL, 3, 11),      
('Steven Wright', 'Detective', '2018-11-27', NULL, 2, 11),      
('Test Officer', 'Forensic Analyst', '2025-01-01', NULL, 2, 1);


INSERT INTO Contact_Info (contact_info, personnel_ID) VALUES
('john.smith@forensics.gov', 1),     
('555-0101', 1),                     
('alex.morgan@forensics.gov', 2),    
('555-0102', 2),                    
('thomas.king@forensics.gov', 3),     
('555-0103', 3),                      
('robert.chen@forensics.gov', 4),     
('555-0104', 4),                      
('ryan.cooper@forensics.gov', 5),     
('555-0105', 5),                     
('liam.wilson@forensics.gov', 6),  
('555-0106', 6),                      
('sophia.lee@forensics.gov', 7),      
('555-0107', 7),                      
('sarah.johnson@forensics.gov', 8),   
('555-0108', 8),                      
('chloe.martinez@forensics.gov', 9), 
('555-0109', 9),                      
('marcus.johnson@forensics.gov', 10), 
('555-0110', 10),                    
('emily.davis@forensics.gov', 11),   
('555-0111', 11),                     
('patricia.clark@forensics.gov', 12), 
('555-0112', 12); 

INSERT INTO Administrative_staff (personnel_ID, oversee_did) VALUES
(17, 6),    
(18, 6),    
(30, 10),   
(14, 5),   
(31, 11),   
(2, 1),     
(5, 2),     
(26, 3),  
(27, 4),  
(32, NULL), 
(1, 1),    
(25, 9); 


INSERT INTO Judge (jname, jrole) VALUES
('Mark Lewis', 'Chief Judge'),       
('Sarah Bloom', 'Trial Judge'),      
('Henry Cole', 'Magistrate'),       
('Laura Adams', 'Justice'),          
('Peter Grant', 'Senior Judge'),     
('Emily Stone', 'Appellate'),         
('James Ford', 'Trial Judge'),        
('Lisa Monroe', 'Justice'),          
('Robert Klein', 'Magistrate'),      
('Anna Cruz', 'Appellate'),         
('David Park', 'Trial Judge'),       
('Karen West', 'Senior Judge'),     
('Thomas Reed', 'Magistrate'),        
('Nancy Hill', 'Trial Judge'),       
('Steven Young', 'Justice'); 

INSERT INTO Jcontact_Info (contact_info, judge_ID) VALUES
('mark.lewis@court.gov', 1),       
('555-1001', 1),                    
('sarah.bloom@court.gov', 2),       
('555-1002', 2),                  
('henry.cole@court.gov', 3),       
('laura.adams@court.gov', 4),       
('555-1004', 4),                   
('peter.grant@court.gov', 5),       
('emily.stone@court.gov', 6),        
('555-1006', 6),                   
('james.ford@court.gov', 7),        
('555-1007', 7),                    
('lisa.monroe@court.gov', 8),       
('robert.klein@court.gov', 9),       
('555-1009', 9),                    
('anna.cruz@court.gov', 10),         
('david.park@court.gov', 11),        
('555-1011', 11),                     
('karen.west@court.gov', 12),     
('thomas.reed@court.gov', 13),     
('555-1013', 13),                    
('nancy.hill@court.gov', 14),        
('steven.young@court.gov', 15);     

INSERT INTO Warrant (warrant_type, issue_date, exp_date, case_ID) VALUES
('Search', '2023-11-20', '2023-12-20', 1),
('Device Search', '2023-11-25', '2023-12-25', 1),
('Arrest', '2023-11-22', '2023-12-22', 2),
('Search', '2023-11-23', '2023-12-23', 2),
('Surveillance', '2023-11-28', '2024-01-01', 3),
('Data Access', '2024-01-01', '2024-02-01', 4),
('Search', '2024-01-05', '2024-02-05', 4),
('Device Search', '2024-03-10', '2024-04-10', 5),
('Wiretap', '2024-04-15', '2024-05-15', 6),
('Search', '2024-04-18', '2024-05-18', 6),
('Data Access', '2024-04-20', '2024-05-20', 6),
('Tracking', '2024-05-20', '2024-06-20', 7),
('Surveillance', '2024-05-25', '2024-06-25', 7),
('Search', '2024-06-05', '2024-07-05', 8),
('Seizure', '2024-07-15', '2024-08-15', 9),
('Search', '2024-07-20', '2024-08-20', 9),
('Arrest', '2024-08-01', '2024-09-01', 10),
('Search', '2024-08-05', '2024-09-05', 10),
('Detention', '2024-08-12', '2024-09-12', 11),
('Wiretap', '2024-08-15', '2024-09-15', 12),
('Tracking', '2024-08-18', '2024-09-18', 12),
('Search', '2024-09-02', '2024-10-02', 13),
('Seizure', '2024-09-05', '2024-10-05', 13),
('Tracking', '2024-10-10', '2024-11-10', 14),
('Arrest', '2024-10-15', '2024-11-15', 15),
('Search', '2024-10-18', '2024-11-18', 15),
('Search', '2025-01-20', '2025-02-20', 21),
('Device Search', '2025-02-25', '2025-03-25', 24),
('Arrest', '2025-03-01', '2025-04-01', 23);

INSERT INTO Forensic_analyst (personnel_ID) VALUES
(3),   
(24),  
(6),  
(7), 
(9),   
(21),  
(23),  
(28), 
(29), 
(33);

INSERT INTO Detectives(personnel_ID) VALUES
(4),
(8),
(10),
(11),
(12),
(13),
(15),
(16),
(19),
(20),
(22);

INSERT INTO Case_Event (event_type, event_date, notes, case_ID) VALUES
('interrogation', '2023-11-16', 'Interviewed suspect John Doe at precinct', 1),
('search', '2023-11-18', 'Executed search warrant at suspect residence', 1),
('court filing', '2023-11-22', 'Filed initial charges with district court', 1),
('Suspect handling', '2023-11-24', 'Suspect transferred to holding facility', 1),
('Witness interview', '2023-11-26', 'Interviewed eyewitness at crime scene', 2),
('Scene search', '2023-11-28', NULL, 2),
('Evidence collection', '2023-11-30', 'Collected physical evidence from scene', 3),
('Surveillance operation', '2024-01-02', '24-hour surveillance on suspect vehicle', 4),
('Area canvass', '2024-03-05', NULL, 5),
('Stakeout operation', '2024-04-08', '48-hour stakeout at suspected meet location', 6),
('Lead update', '2024-05-11', 'New anonymous tip received via hotline', 7),
('Tip received', '2024-06-14', NULL, 8),
('interrogation', '2024-07-17', 'Second interview with alibi witness', 9),
('search', '2024-08-20', 'Search of suspect workplace', 10),
('court filing', '2024-08-23', 'Motion for additional search warrants', 11),
('Witness interview', '2024-08-26', 'Expert witness consultation', 12),
('Evidence collection', '2024-09-01', NULL, 13),
('Surveillance operation', '2024-09-04', 'Electronic surveillance authorized', 14),
('Area canvass', '2024-10-07', 'Business establishment interviews', 15),
('Lead update', '2024-10-10', 'Forensic results provide new direction', 16),
('interrogation', '2025-01-16', 'Interviewed new suspect in ongoing case', 21),
('search', '2025-02-18', 'Executed search warrant at new location', 24),
('court filing', '2025-03-22', 'Filed updated charges based on new evidence', 23);

INSERT INTO Evidence_items (case_ID, storage_loct, evidence_type, collection_date) VALUES
(1, 'Evidence Locker A-12', 'weapon', '2023-11-16'),
(1, 'Digital Vault DV-45', 'digital file', '2023-11-17'),
(1, 'Bio Lab BL-3', 'biological sample', '2023-11-18'),
(2, 'Evidence Locker C-7', 'physical', '2023-11-21'),
(2, 'Chem Lab CL-9', 'chemical', '2023-11-22'),
(3, 'Digital Vault DV-12', 'digital file', '2024-01-02'),
(3, 'Evidence Locker B-4', 'weapon', '2024-01-03'),
(4, NULL, 'biological sample', '2024-01-11'),
(4, 'Evidence Locker D-2', 'physical', '2024-01-12'),
(5, 'Digital Vault DV-33', 'digital file', '2024-03-16'),
(5, 'Chem Lab CL-15', 'chemical', '2024-03-17'),
(6, 'Evidence Locker A-9', 'weapon', '2024-04-28'),
(6, 'Bio Lab BL-12', 'biological sample', '2024-04-29'),
(7, 'Evidence Locker E-7', 'physical', '2024-05-06'),
(7, NULL, 'digital file', '2024-05-07'),
(8, 'Chem Lab CL-6', 'chemical', '2024-06-13'),
(8, 'Evidence Locker B-11', 'weapon', '2024-06-14'),
(9, 'Bio Lab BL-5', 'biological sample', '2024-07-21'),
(9, 'Evidence Locker C-14', 'physical', '2024-07-22'),
(10, 'Digital Vault DV-8', 'digital file', '2024-08-02'),
(10, 'Chem Lab CL-18', 'chemical', '2024-08-03'),
(11, NULL, 'weapon', '2024-08-11'),
(11, 'Bio Lab BL-9', 'biological sample', '2024-08-12'),
(12, 'Evidence Locker A-5', 'physical', '2024-08-16'),
(12, 'Digital Vault DV-27', 'digital file', '2024-08-17'),
(1, 'Evidence Locker A-13', 'weapon', '2024-09-19'),
(2, 'Evidence Locker C-8', 'physical', '2024-09-23'),
(3, 'Digital Vault DV-13', 'digital file', '2024-10-04'),
(5, 'Digital Vault DV-34', 'digital file', '2025-02-18'),
(8, 'Evidence Locker B-12', 'weapon', '2025-03-15');

INSERT INTO Lab_analysis (findings, technique_used, analysis_date, personnel_ID, case_ID, evidence_ID) VALUES
('Partial DNA pattern recovered', 'DNA profiling', '2023-12-10', 3, 1, 1),
('Recovered deleted files from device', 'Computer forensics', '2024-04-05', 3, 5, 6),
('Blood sample indicates A+ type', 'Blood typing', '2024-01-11', 24, 3, 4),
('Trace residue shows organic fibers', 'Trace detection', '2024-06-01', 24, 8, 9),
('Substance tested positive for narcotics', 'Drug testing', '2024-05-12', 6, 6, 7),
('Prints match victim’s right index finger', 'Fingerprint comparison', '2024-08-13', 7, 10, 12),
('Fibers consistent with vehicle upholstery', 'Trace detection', '2024-08-14', 9, 11, 14),
('DNA indicates mixed profiles', 'DNA profiling', '2024-09-28', 9, 12, 15),
('Bullet striations match recovered weapon', 'Bullet comparison', '2024-10-15', 21, 15, 18),
('Toxic compounds present in blood sample', 'Toxicology test', '2024-10-16', 23, 9, 10),
('Gunshot residue found on clothing', 'Gunshot residue', '2024-10-10', 23, 16, 20),
('HDD showed signs of tampering', 'Computer forensics', '2024-11-17', 28, 18, 21),
('Explosive material detected on fragments', 'Explosive residue', '2025-01-18', 29, 20, 22),
('Footprint consistent with size 44 boot', 'Footprint analysis', '2025-02-19', 33, 22, 25),
('DNA match confirmed from recovered sample', 'DNA profiling', '2025-03-20', 3, 21, 29);


INSERT INTO Part_Of (personnel_ID, custody_ID) VALUES
(4, 1),     
(7, 2),     
(11, 3),   
(23, 4),    
(17, 5),    
(1, 6),     
(21, 7),    
(28, 8),   
(14, 9),   
(32, 10), 
(3, 11),   
(19, 12),  
(24, 13), 
(12, 14),  
(29, 15),   
(5, 1),     
(9, 2),     
(10, 3),  
(26, 4),    
(20, 5),    
(6, 6),    
(31, 7),   
(15, 8),    
(30, 9),
(33, 10),   
(34, 16),
(34, 17),
(34, 18),
(34, 19),
(34, 20);

INSERT INTO Has(custody_ID, case_ID, evidence_ID) VALUES
(1, 1, 1), (2, 1, 2), (3, 1, 3), (4, 2, 4), (5, 2, 5),
(6, 3, 6), (7, 3, 7), (8, 4, 8), (9, 4, 9), (10, 5, 10),
(11, 5, 11), (12, 6, 12), (15,5,10), (13,2,7), (16, 1, 1), 
(17, 1, 2), (18, 4, 4), (19, 2, 5),  (20, 4, 8); 

INSERT INTO Participate (personnel_ID, case_ID, case_event_ID) VALUES
(1, 1, 1), (3, 1, 2), (6, 1, 3), (10, 1, 4), (13, 2, 5),
(16, 2, 6), (20, 3, 7), (21, 4, 8), (23, 5, 9), (27, 6, 10),
(28, 7, 11), (29, 8, 12), (30, 9, 13), (1, 10, 14), (3, 11, 15), (21,5,9), (10,11,15);


INSERT INTO Handle (personnel_ID, case_ID) VALUES
(4, 2), (4, 3),  (4, 17), (10, 1), (10, 6), (10, 9), (11, 4), (11, 5), (11, 7), (12, 4), (12, 5), (12, 19), (13, 2),  
(13, 5),  (13, 16), (16, 2), (16, 7), (4, 15), (10, 11), (11, 15), (12, 21), (13, 24), (16, 11), (16, 17), (8, 15),
(8, 21), (8, 24); 

INSERT INTO Handled_by (warrant_ID, personnel_ID, judge_ID) VALUES
(1, 1, 1), (1, 7, 2), (2, 2, 3), (2, 3, 3), (2, 12, 4), (3, 4, 5), (3, 10, 5), (4, 11, 6), (4, 8, 7), (5, 7, 8),(5, 3, 8),
(5, 23, 9),(6, 3, 10),(6, 24, 10),(7, 12, 11),(7, 11, 11),(7, 1, 12),(8, 23, 13),(8, 9, 14),(9, 10, 14),
(9, 14, 14),(9, 7, 15),(10, 14, 1),(10, 21, 1),(11, 5, 2),(11, 6, 3),(11, 24, 3),(12, 16, 4),(12, 20, 4),
(13, 19, 5),(13, 25, 6),(14, 20, 6),(14, 28, 7),(14, 21, 7),(15, 6, 8),(15, 1, 8),(16, 8, 9),(16, 3, 10),
(17, 13, 11),(17, 11, 11),(17, 2, 12),(18, 15, 12),(18, 7, 13),(19, 18, 14),(19, 9, 14),(19, 24, 15),
(20, 21, 1),(20, 23, 2),(21, 22, 3),(21, 28, 4),(21, 30, 4),(22, 24, 5),(22, 25, 6),(23, 25, 7),(23, 28, 7),
(23, 29, 8),(24, 28, 9),(24, 10, 9),(25, 31, 10),(25, 20, 11),(25, 22, 11),(26, 33, 12),(26, 23, 13),
(26, 7, 13);




